Designator,Footprint,Quantity,Value,LCSC Part #
J2,IDC-Header_2x10_P2.54mm_Vertical,1,Conn_02x10_Odd_Even,
J1,"PhoenixContact_MCV_1,5_9-G-3.81_1x09_P3.81mm_Vertical",1,Screw_Terminal_01x09,
J3,IDC-Header_2x10_P2.54mm_Vertical,1,Conn_02x10_Odd_Even,
R2,R_1812_4532Metric,1,1k,C21618
D19,D_MiniMELF,1,"5,6V",C8062
R10,R_1812_4532Metric,1,1k,C21618
D24,D_MiniMELF,1,"5,6V",C8062
R16,R_1812_4532Metric,1,1k,C21618
D11,D_0805_2012Metric,1,R,C84256
R7,R_1812_4532Metric,1,3.9k,C2933956
R11,R_1812_4532Metric,1,3.9k,C2933956
D17,D_MiniMELF,1,"5,6V",C8062
D14,D_0805_2012Metric,1,R,C84256
R14,R_1812_4532Metric,1,1k,C21618
R8,R_1812_4532Metric,1,3.9k,C2933956
D18,D_MiniMELF,1,"5,6V",C8062
D21,D_MiniMELF,1,"5,6V",C8062
D1,D_SOD-123F,1,D,C64898
R1,R_1812_4532Metric,1,1k,C21618
D2,D_0805_2012Metric,1,R,C84256
R3,R_1812_4532Metric,1,3.9k,C2933956
R19,R_1812_4532Metric,1,1k,C21618
R23,R_1812_4532Metric,1,3.9k,C2933956
D8,D_0805_2012Metric,1,R,C84256
R21,R_1812_4532Metric,1,3.9k,C2933956
R22,R_1812_4532Metric,1,1k,C21618
R12,R_1812_4532Metric,1,3.9k,C2933956
D15,D_SOD-123F,1,D,C64898
D20,D_MiniMELF,1,"5,6V",C8062
D23,D_MiniMELF,1,"5,6V",C8062
D13,D_SOD-123F,1,D,C64898
D16,D_0805_2012Metric,1,R,C84256
D4,D_0805_2012Metric,1,R,C84256
D3,D_SOD-123F,1,D,C64898
R9,R_1812_4532Metric,1,3.9k,C2933956
D9,D_SOD-123F,1,D,C64898
D7,D_SOD-123F,1,D,C64898
D5,D_SOD-123F,1,D,C64898
D22,D_MiniMELF,1,"5,6V",C8062
R13,R_1812_4532Metric,1,3.9k,C2933956
R5,R_1812_4532Metric,1,1k,C21618
R6,R_1812_4532Metric,1,3.9k,C2933956
R24,R_1812_4532Metric,1,3.9k,C2933956
R18,R_1812_4532Metric,1,3.9k,C2933956
D10,D_0805_2012Metric,1,R,C84256
D12,D_SOD-123F,1,D,C64898
R20,R_1812_4532Metric,1,3.9k,C2933956
R15,R_1812_4532Metric,1,3.9k,C2933956
D6,D_0805_2012Metric,1,R,C84256
R17,R_1812_4532Metric,1,3.9k,C2933956
R4,R_1812_4532Metric,1,3.9k,C2933956
